{
    "accuracy": 0.9894831058402327,
    "precision": 0.9868544600938968,
    "recall": 0.991041961338991,
    "f1_score": 0.9889437779346036,
    "dataset_size": 44689,
    "train_size": 35751,
    "test_size": 8938
}